[
  {
    "quote": "Hidup adalah anugerah yang harus disyukuri setiap hari.",
    "author": "Syibli Sticker WhatsApp"
  },
  {
    "quote": "Kegagalan adalah kesempatan untuk memulai lagi dengan lebih baik.",
    "author": "Syibli Sticker WhatsApp"
  },
  {
    "quote": "Jangan menyerah hanya karena sesuatu terasa sulit.",
    "author": "Syibli Sticker WhatsApp"
  },
  {
    "quote": "Setiap langkah kecil hari ini membawa perubahan besar esok.",
    "author": "Syibli Sticker WhatsApp"
  },
  {
    "quote": "Belajarlah dari kemarin, hiduplah untuk hari ini, berharaplah untuk esok.",
    "author": "Syibli Sticker WhatsApp"
  },
  {
    "quote": "Tidak ada mimpi yang terlalu besar jika kamu berani berusaha.",
    "author": "Syibli Sticker WhatsApp"
  },
  {
    "quote": "Kesuksesan bukanlah kebetulan, melainkan hasil dari kerja keras.",
    "author": "Syibli Sticker WhatsApp"
  },
  {
    "quote": "Semangat adalah kunci untuk membuka pintu keberhasilan.",
    "author": "Syibli Sticker WhatsApp"
  },
  {
    "quote": "Orang kuat bukan mereka yang tidak pernah menangis, tapi mereka yang terus bangkit setelah jatuh.",
    "author": "Syibli Sticker WhatsApp"
  },
  {
    "quote": "Senyuman kecil bisa mengubah hari seseorang.",
    "author": "Syibli Sticker WhatsApp"
  },
  {
    "quote": "Kadang, hal terkecil mengambil ruang terbesar di hatimu.",
    "author": "Syibli Sticker WhatsApp"
  },
  {
    "quote": "Setiap orang berjuang dengan pertempuran yang tidak kamu ketahui, jadi berbaik hatilah selalu.",
    "author": "Syibli Sticker WhatsApp"
  },
  {
    "quote": "Cinta itu sederhana, yang rumit adalah egonya.",
    "author": "Syibli Sticker WhatsApp"
  },
  {
    "quote": "Bahagia itu sederhana: bersyukur atas apa yang dimiliki.",
    "author": "Syibli Sticker WhatsApp"
  },
  {
    "quote": "Jika ingin melihat pelangi, hadapilah hujan terlebih dahulu.",
    "author": "Syibli Sticker WhatsApp"
  },
  {
    "quote": "Jangan takut berjalan pelan, takutlah jika hanya diam di tempat.",
    "author": "Syibli Sticker WhatsApp"
  },
  {
    "quote": "Saat satu pintu kebahagiaan tertutup, pintu lain terbuka.",
    "author": "Syibli Sticker WhatsApp"
  },
  {
    "quote": "Berhenti menunggu waktu yang tepat, karena waktu yang tepat adalah sekarang.",
    "author": "Syibli Sticker WhatsApp"
  },
  {
    "quote": "Keberanian bukan berarti tidak takut, tapi tetap melangkah walau takut.",
    "author": "Syibli Sticker WhatsApp"
  },
  {
    "quote": "Kamu lebih kuat daripada yang kamu kira.",
    "author": "Syibli Sticker WhatsApp"
  },
  {
    "quote": "Kadang perjalanan lebih berharga dari tujuan itu sendiri.",
    "author": "Syibli Sticker WhatsApp"
  },
  {
    "quote": "Hidup adalah pilihan: terus mengeluh atau terus melangkah.",
    "author": "Syibli Sticker WhatsApp"
  },
  {
    "quote": "Orang yang paling bijak adalah yang banyak mendengar daripada berbicara.",
    "author": "Syibli Sticker WhatsApp"
  },
  {
    "quote": "Jangan pernah mengukur keberhasilanmu dengan keberhasilan orang lain.",
    "author": "Syibli Sticker WhatsApp"
  },
  {
    "quote": "Belajar menerima adalah kunci ketenangan jiwa.",
    "author": "Syibli Sticker WhatsApp"
  },
  {
    "quote": "Semua yang terjadi memiliki alasan dan tujuannya sendiri.",
    "author": "Syibli Sticker WhatsApp"
  },
  {
    "quote": "Sahabat sejati adalah mereka yang tetap tinggal saat semua orang pergi.",
    "author": "Syibli Sticker WhatsApp"
  },
  {
    "quote": "Kesuksesan besar berawal dari langkah-langkah kecil.",
    "author": "Syibli Sticker WhatsApp"
  },
  {
    "quote": "Teruslah berbuat baik, walaupun kadang dunia tidak adil.",
    "author": "Syibli Sticker WhatsApp"
  },
  {
    "quote": "Setiap luka mengajarkan sesuatu, setiap air mata mendewasakan.",
    "author": "Syibli Sticker WhatsApp"
  },
  {
    "quote": "Ketika satu pintu tertutup, pintu lain akan terbuka.",
    "author": "Syibli Sticker WhatsApp"
  },
  {
    "quote": "Jadilah alasan seseorang tersenyum hari ini.",
    "author": "Syibli Sticker WhatsApp"
  },
  {
    "quote": "Jangan menyerah, kadang kunci sukses hanya satu langkah lagi.",
    "author": "Syibli Sticker WhatsApp"
  },
  {
    "quote": "Hidup tidak harus sempurna untuk bisa bahagia.",
    "author": "Syibli Sticker WhatsApp"
  },
  {
    "quote": "Kesabaran itu pahit, tapi buahnya manis.",
    "author": "Syibli Sticker WhatsApp"
  },
  {
    "quote": "Memaafkan bukan berarti lemah, melainkan tanda kekuatan yang luar biasa.",
    "author": "Syibli Sticker WhatsApp"
  },
  {
    "quote": "Hujan hari ini akan menumbuhkan bunga esok hari.",
    "author": "Syibli Sticker WhatsApp"
  },
  {
    "quote": "Hidup ini terlalu singkat untuk membenci.",
    "author": "Syibli Sticker WhatsApp"
  },
  {
    "quote": "Jangan takut gagal, takutlah tidak mencoba.",
    "author": "Syibli Sticker WhatsApp"
  },
  {
    "quote": "Kadang, diam adalah jawaban terbaik.",
    "author": "Syibli Sticker WhatsApp"
  },
  {
    "quote": "Kebaikan sekecil apapun tidak akan pernah sia-sia.",
    "author": "Syibli Sticker WhatsApp"
  },
  {
    "quote": "Orang sukses adalah orang biasa yang tidak pernah menyerah.",
    "author": "Syibli Sticker WhatsApp"
  },
  {
    "quote": "Selalu ada cahaya setelah kegelapan.",
    "author": "Syibli Sticker WhatsApp"
  },
  {
    "quote": "Hari ini sulit? Besok akan lebih baik.",
    "author": "Syibli Sticker WhatsApp"
  },
  {
    "quote": "Hargai setiap momen, karena waktu tidak bisa diulang.",
    "author": "Syibli Sticker WhatsApp"
  },
  {
    "quote": "Tidak ada yang sia-sia selama kamu belajar dari itu.",
    "author": "Syibli Sticker WhatsApp"
  },
  {
    "quote": "Percaya diri adalah separuh dari keberhasilan.",
    "author": "Syibli Sticker WhatsApp"
  },
  {
    "quote": "Apapun yang kamu kerjakan, kerjakan dengan sepenuh hati.",
    "author": "Syibli Sticker WhatsApp"
  },
  {
    "quote": "Beranilah menjadi dirimu sendiri.",
    "author": "Syibli Sticker WhatsApp"
  },
  
  { "quote": "Jangan menyerah hanya karena sesuatu terasa sulit.", "author": "Syibli Sticker WhatsApp" },
  { "quote": "Hari ini mungkin berat, tapi esok pasti lebih cerah.", "author": "Syibli Sticker WhatsApp" },
  { "quote": "Kesuksesan dimulai dari keberanian untuk mencoba.", "author": "Syibli Sticker WhatsApp" },
  { "quote": "Belajarlah dari kesalahan, bukan menyesalinya.", "author": "Syibli Sticker WhatsApp" },
  { "quote": "Percaya pada diri sendiri adalah kunci awal keberhasilan.", "author": "Syibli Sticker WhatsApp" },
  { "quote": "Semua mimpi bisa jadi nyata jika kita berani mengejarnya.", "author": "Syibli Sticker WhatsApp" },
  { "quote": "Setiap langkah kecil membawa kita lebih dekat ke tujuan.", "author": "Syibli Sticker WhatsApp" },
  { "quote": "Hidup itu bukan tentang menunggu badai berlalu, tapi belajar menari di tengah hujan.", "author": "Syibli Sticker WhatsApp" },
  { "quote": "Semangat yang besar bisa mengalahkan rintangan terbesar.", "author": "Syibli Sticker WhatsApp" },
  { "quote": "Jangan takut gagal, takutlah untuk tidak mencoba.", "author": "Syibli Sticker WhatsApp" },
  { "quote": "Kadang jalan yang sulit membawa kita ke tempat yang indah.", "author": "Syibli Sticker WhatsApp" },
  { "quote": "Berhenti membandingkan dirimu dengan orang lain, fokuslah pada dirimu sendiri.", "author": "Syibli Sticker WhatsApp" },
  { "quote": "Tidak ada kata terlambat untuk memulai sesuatu yang baru.", "author": "Syibli Sticker WhatsApp" },
  { "quote": "Bahagia itu sederhana, cukup bersyukur untuk semua yang kita punya.", "author": "Syibli Sticker WhatsApp" },
  { "quote": "Kegagalan adalah guru terbaik dalam kehidupan.", "author": "Syibli Sticker WhatsApp" },
  { "quote": "Semua hal besar bermula dari keberanian kecil.", "author": "Syibli Sticker WhatsApp" },
  { "quote": "Setiap harapan selalu punya jalannya sendiri.", "author": "Syibli Sticker WhatsApp" },
  { "quote": "Keajaiban terjadi bagi mereka yang tidak menyerah.", "author": "Syibli Sticker WhatsApp" },
  { "quote": "Senyum adalah cara termudah untuk membuat harimu lebih baik.", "author": "Syibli Sticker WhatsApp" },
  { "quote": "Orang hebat tidak dilahirkan, mereka dibentuk oleh perjuangan.", "author": "Syibli Sticker WhatsApp" },
  { "quote": "Sukses bukan tentang siapa yang paling cepat, tapi siapa yang tidak menyerah.", "author": "Syibli Sticker WhatsApp" },
  { "quote": "Kamu lebih kuat daripada yang kamu kira.", "author": "Syibli Sticker WhatsApp" },
  { "quote": "Tidak ada jalan pintas menuju tempat yang layak dituju.", "author": "Syibli Sticker WhatsApp" },
  { "quote": "Hari ini sulit, besok akan lebih baik.", "author": "Syibli Sticker WhatsApp" },
  { "quote": "Belajar menerima adalah langkah menuju kedewasaan.", "author": "Syibli Sticker WhatsApp" },
  { "quote": "Tidak semua pertarungan harus dimenangkan, beberapa cukup dilewati.", "author": "Syibli Sticker WhatsApp" },
  { "quote": "Saat kamu berhenti mencoba, saat itulah kamu benar-benar gagal.", "author": "Syibli Sticker WhatsApp" },
  { "quote": "Berani melangkah adalah separuh dari perjalanan menuju keberhasilan.", "author": "Syibli Sticker WhatsApp" },
  { "quote": "Senyuman kecil bisa mengubah hari seseorang.", "author": "Syibli Sticker WhatsApp" },
  { "quote": "Kesabaran dan ketekunan akan selalu membuahkan hasil.", "author": "Syibli Sticker WhatsApp" },
  { "quote": "Percayalah, badai pasti berlalu.", "author": "Syibli Sticker WhatsApp" },
  { "quote": "Jika kamu tidak pernah mencoba, kamu tidak akan pernah tahu.", "author": "Syibli Sticker WhatsApp" },
  { "quote": "Setiap tantangan adalah kesempatan untuk tumbuh.", "author": "Syibli Sticker WhatsApp" },
  { "quote": "Hidup bukan tentang siapa yang terbaik, tapi siapa yang tidak berhenti berusaha.", "author": "Syibli Sticker WhatsApp" },
  { "quote": "Jangan habiskan waktumu untuk meratapi kegagalan.", "author": "Syibli Sticker WhatsApp" },
  { "quote": "Kamu diciptakan untuk hal-hal hebat, percayalah pada dirimu sendiri.", "author": "Syibli Sticker WhatsApp" },
  { "quote": "Semua orang hebat pernah merasa ingin menyerah.", "author": "Syibli Sticker WhatsApp" },
  { "quote": "Jangan takut bermimpi besar, karena impian itu gratis.", "author": "Syibli Sticker WhatsApp" },
  { "quote": "Keberanian adalah saat kamu takut tapi tetap melangkah.", "author": "Syibli Sticker WhatsApp" },
  { "quote": "Saat kamu merasa ingin menyerah, ingat mengapa kamu memulai.", "author": "Syibli Sticker WhatsApp" },
  { "quote": "Orang yang bahagia bukan karena semuanya sempurna, tapi karena mereka memilih bersyukur.", "author": "Syibli Sticker WhatsApp" },
  { "quote": "Perubahan besar dimulai dari keputusan kecil.", "author": "Syibli Sticker WhatsApp" },
  { "quote": "Kamu tidak harus hebat untuk memulai, tapi kamu harus memulai untuk menjadi hebat.", "author": "Syibli Sticker WhatsApp" },
  { "quote": "Sukses adalah kumpulan dari usaha kecil yang diulang setiap hari.", "author": "Syibli Sticker WhatsApp" },
  { "quote": "Kegagalan adalah bagian dari perjalanan menuju sukses.", "author": "Syibli Sticker WhatsApp" },
  { "quote": "Kamu lebih mampu dari yang kamu pikirkan.", "author": "Syibli Sticker WhatsApp" },
  { "quote": "Jangan menunda, mulai sekarang juga.", "author": "Syibli Sticker WhatsApp" },
  { "quote": "Hari ini adalah kesempatan baru untuk menjadi lebih baik.", "author": "Syibli Sticker WhatsApp" },
  { "quote": "Jangan biarkan ketakutan menghentikan langkahmu.", "author": "Syibli Sticker WhatsApp" },
  { "quote": "Selalu ada alasan untuk tetap berjuang.", "author": "Syibli Sticker WhatsApp" },
  { "quote": "Bahagia itu pilihan, bukan hasil dari keadaan.", "author": "Syibli Sticker WhatsApp" },
  { "quote": "Setiap luka akan sembuh dengan waktu dan kesabaran.", "author": "Syibli Sticker WhatsApp" },
  { "quote": "Kamu tidak sendirian dalam perjuanganmu.", "author": "Syibli Sticker WhatsApp" },
  { "quote": "Mimpi besar dimulai dari langkah kecil.", "author": "Syibli Sticker WhatsApp" },
  { "quote": "Kemenangan sejati adalah saat kamu bisa mengalahkan rasa takutmu.", "author": "Syibli Sticker WhatsApp" },
  { "quote": "Percaya pada proses, tidak ada usaha yang sia-sia.", "author": "Syibli Sticker WhatsApp" },
  { "quote": "Jadilah cahaya dalam kegelapan orang lain.", "author": "Syibli Sticker WhatsApp" },
  { "quote": "Lebih baik gagal karena mencoba daripada tidak mencoba sama sekali.", "author": "Syibli Sticker WhatsApp" },
  { "quote": "Hidup ini terlalu singkat untuk menunda kebahagiaan.", "author": "Syibli Sticker WhatsApp" },
  { "quote": "Setiap detik adalah kesempatan untuk berubah.", "author": "Syibli Sticker WhatsApp" },
  { "quote": "Jangan menyerah hanya karena butuh waktu, waktu akan tetap berjalan.", "author": "Syibli Sticker WhatsApp" },
  { "quote": "Kegagalan hari ini adalah batu loncatan untuk keberhasilan esok.", "author": "Syibli Sticker WhatsApp" },
  { "quote": "Bangkitlah setiap kali kamu jatuh.", "author": "Syibli Sticker WhatsApp" },
  { "quote": "Kamu punya potensi yang luar biasa.", "author": "Syibli Sticker WhatsApp" },
  { "quote": "Sikap positif akan membawamu lebih jauh daripada bakat semata.", "author": "Syibli Sticker WhatsApp" },
  { "quote": "Kesederhanaan adalah kunci dari kebahagiaan sejati.", "author": "Syibli Sticker WhatsApp" },
  { "quote": "Semua orang pernah gagal, tapi tidak semua orang mau bangkit kembali.", "author": "Syibli Sticker WhatsApp" },
  { "quote": "Kamu bukan apa yang telah terjadi padamu, kamu adalah apa yang kamu pilih untuk menjadi.", "author": "Syibli Sticker WhatsApp" },
  { "quote": "Hidup adalah tentang membuat langkah berani, tidak peduli seberapa kecil.", "author": "Syibli Sticker WhatsApp" },
  { "quote": "Jangan biarkan keraguan menghentikan mimpimu.", "author": "Syibli Sticker WhatsApp" },
  { "quote": "Beranilah untuk menjadi berbeda.", "author": "Syibli Sticker WhatsApp" },
  { "quote": "Setiap hari adalah kesempatan baru untuk memulai lagi.", "author": "Syibli Sticker WhatsApp" },
  { "quote": "Jangan takut menjadi pemula.", "author": "Syibli Sticker WhatsApp" },
  { "quote": "Kamu diciptakan dengan tujuan yang luar biasa.", "author": "Syibli Sticker WhatsApp" },
  { "quote": "Sikap pantang menyerah akan membawamu ke puncak.", "author": "Syibli Sticker WhatsApp" },
  { "quote": "Impian tidak akan bekerja kecuali kamu yang mengerjakannya.", "author": "Syibli Sticker WhatsApp" },
  { "quote": "Semangatmu hari ini akan menentukan hasilmu esok.", "author": "Syibli Sticker WhatsApp" },
  { "quote": "Kebahagiaan datang kepada mereka yang percaya.", "author": "Syibli Sticker WhatsApp" },
  { "quote": "Perjalanan seribu mil dimulai dengan satu langkah.", "author": "Syibli Sticker WhatsApp" },
  { "quote": "Jangan takut berjalan pelan, takutlah jika berhenti.", "author": "Syibli Sticker WhatsApp" },
  { "quote": "Lebih baik lelah karena berusaha daripada menyesal karena tidak mencoba.", "author": "Syibli Sticker WhatsApp" },
  { "quote": "Setiap kesulitan mengajarkan kita sesuatu yang berharga.", "author": "Syibli Sticker WhatsApp" },
  { "quote": "Kegagalan bukan lawan dari kesuksesan, melainkan bagian dari perjalanan.", "author": "Syibli Sticker WhatsApp" },
  { "quote": "Terkadang hal baik membutuhkan waktu.", "author": "Syibli Sticker WhatsApp" },
  { "quote": "Sukses bukan soal keberuntungan, tapi kerja keras dan ketekunan.", "author": "Syibli Sticker WhatsApp" },
  { "quote": "Jangan pernah remehkan kekuatan dari langkah kecil.", "author": "Syibli Sticker WhatsApp" },
  { "quote": "Hari yang buruk hanya bagian dari perjalanan, bukan akhir dari cerita.", "author": "Syibli Sticker WhatsApp" },
  { "quote": "Kamu mampu melewati semua tantangan ini.", "author": "Syibli Sticker WhatsApp" },
  { "quote": "Percaya bahwa sesuatu yang luar biasa akan terjadi.", "author": "Syibli Sticker WhatsApp" },
  { "quote": "Belajar dari masa lalu, hiduplah untuk hari ini, dan harapkan untuk masa depan.", "author": "Syibli Sticker WhatsApp" },
  { "quote": "Tidak ada yang mustahil selama kamu percaya.", "author": "Syibli Sticker WhatsApp" },
  { "quote": "Bahagia itu sederhana, jangan dipersulit.", "author": "Syibli Sticker WhatsApp" },
  { "quote": "Kerja kerasmu hari ini adalah hadiah untuk dirimu di masa depan.", "author": "Syibli Sticker WhatsApp" },
  { "quote": "Orang yang sukses adalah mereka yang tetap berdiri setelah banyak jatuh.", "author": "Syibli Sticker WhatsApp" },
  { "quote": "Jangan kehilangan harapan, keajaiban terjadi setiap hari.", "author": "Syibli Sticker WhatsApp" },
  { "quote": "Saat kamu merasa lelah, ingat tujuanmu.", "author": "Syibli Sticker WhatsApp" },
  { "quote": "Jangan menyerah sebelum keajaiban datang.", "author": "Syibli Sticker WhatsApp" },
  { "quote": "Keyakinan bisa membelah gunung.", "author": "Syibli Sticker WhatsApp" },
  { "quote": "Hargai setiap proses dalam hidupmu.", "author": "Syibli Sticker WhatsApp" },
  { "quote": "Ketika kamu merasa sendirian, ingat bahwa kamu sedang dipersiapkan untuk sesuatu yang besar.", "author": "Syibli Sticker WhatsApp" },
  { "quote": "Kamu punya kekuatan untuk menciptakan perubahan.", "author": "Syibli Sticker WhatsApp" },
  { "quote": "Keberhasilan terbesar datang setelah kekecewaan terbesar.", "author": "Syibli Sticker WhatsApp" },
  { "quote": "Jangan menilai perjalananmu berdasarkan langkah orang lain.", "author": "Syibli Sticker WhatsApp" },
  { "quote": "Setiap pagi adalah kesempatan baru untuk menjadi lebih baik.", "author": "Syibli Sticker WhatsApp" },
  { "quote": "Kegagalan hanya ada jika kamu berhenti mencoba.", "author": "Syibli Sticker WhatsApp" },
  { "quote": "Jadilah kuat, bukan karena kamu tidak pernah jatuh, tapi karena kamu selalu bangkit.", "author": "Syibli Sticker WhatsApp" },
  { "quote": "Percayalah, kerja kerasmu akan terbayar.", "author": "Syibli Sticker WhatsApp" },
  { "quote": "Kesuksesan tidak instan, ia adalah hasil dari kerja keras bertahun-tahun.", "author": "Syibli Sticker WhatsApp" },
  { "quote": "Hidup ini tentang keberanian mengambil peluang.", "author": "Syibli Sticker WhatsApp" },
  { "quote": "Jangan biarkan satu hari buruk membuatmu menyerah pada semua hari baik yang akan datang.", "author": "Syibli Sticker WhatsApp" },
  { "quote": "Bangga dengan perjalananmu, sekecil apapun langkahmu.", "author": "Syibli Sticker WhatsApp" },
  { "quote": "Semua orang hebat pernah menjadi pemula.", "author": "Syibli Sticker WhatsApp" },
  { "quote": "Kamu jauh lebih kuat dari yang kamu pikirkan.", "author": "Syibli Sticker WhatsApp" },
  { "quote": "Jangan biarkan masa lalu mencuri kebahagiaanmu hari ini.", "author": "Syibli Sticker WhatsApp" },
  { "quote": "Hidup bukan tentang menunggu badai reda, tapi belajar bertahan di tengah badai.", "author": "Syibli Sticker WhatsApp" },
  { "quote": "Tetaplah rendah hati ketika sukses, tetaplah kuat ketika gagal.", "author": "Syibli Sticker WhatsApp" },
  { "quote": "Apapun yang kamu pikirkan, kamu bisa mencapainya.", "author": "Syibli Sticker WhatsApp" },
  { "quote": "Hari ini mungkin sulit, tapi besok bisa menjadi luar biasa.", "author": "Syibli Sticker WhatsApp" },
  { "quote": "Kamu adalah arsitek masa depanmu sendiri.", "author": "Syibli Sticker WhatsApp" },
  { "quote": "Setiap momen adalah peluang untuk bertumbuh.", "author": "Syibli Sticker WhatsApp" },
  { "quote": "Jangan menyerah, kamu sudah terlalu jauh untuk kembali.", "author": "Syibli Sticker WhatsApp" },
  { "quote": "Percaya diri adalah kekuatan terbesarmu.", "author": "Syibli Sticker WhatsApp" },
  { "quote": "Hidupmu berharga, perjalananmu unik.", "author": "Syibli Sticker WhatsApp" },
  { "quote": "Semangat adalah bahan bakar yang membuat mimpi menjadi kenyataan.", "author": "Syibli Sticker WhatsApp" },
  { "quote": "Keberanian bukan berarti tidak takut, tapi tetap melangkah meski takut.", "author": "Syibli Sticker WhatsApp" },
  { "quote": "Bangun mimpimu, atau orang lain akan mempekerjakanmu untuk membangun mimpi mereka.", "author": "Syibli Sticker WhatsApp" },
  { "quote": "Kamu lebih dari cukup.", "author": "Syibli Sticker WhatsApp" },
  { "quote": "Tidak ada kata gagal jika kamu terus mencoba.", "author": "Syibli Sticker WhatsApp" },
  { "quote": "Keajaiban dimulai dari keberanian untuk berharap.", "author": "Syibli Sticker WhatsApp" },
  { "quote": "Jadilah alasan seseorang percaya pada kebaikan hari ini.", "author": "Syibli Sticker WhatsApp" },
  { "quote": "Selalu ada pelangi setelah badai.", "author": "Syibli Sticker WhatsApp" },
  { "quote": "Orang sukses adalah mereka yang mampu bertahan saat masa sulit.", "author": "Syibli Sticker WhatsApp" },
  { "quote": "Kamu adalah perubahan yang kamu cari.", "author": "Syibli Sticker WhatsApp" },
  { "quote": "Teruslah melangkah, meski perlahan.", "author": "Syibli Sticker WhatsApp" },
  { "quote": "Perbedaan kecil hari ini akan menciptakan perbedaan besar besok.", "author": "Syibli Sticker WhatsApp" },
  { "quote": "Jangan terlalu keras pada dirimu sendiri.", "author": "Syibli Sticker WhatsApp" },
  { "quote": "Setiap pengalaman adalah pelajaran berharga.", "author": "Syibli Sticker WhatsApp" },
  { "quote": "Jadilah versi terbaik dari dirimu sendiri.", "author": "Syibli Sticker WhatsApp" },
  { "quote": "Tidak semua orang akan mengerti perjalananmu, itu tidak apa-apa.", "author": "Syibli Sticker WhatsApp" },
  {
    "quote": "Semakin keras usahamu, semakin manis hasilnya.",
    "author": "Syibli Sticker WhatsApp"
  },
  {
    "quote": "Berani berproses, berani sukses.",
    "author": "Syibli Sticker WhatsApp"
  },
  {
    "quote": "Semua impianmu valid, jangan biarkan siapa pun meremehkannya.",
    "author": "Syibli Sticker WhatsApp"
  },
  {
    "quote": "Hidup bukan tentang menemukan diri sendiri, tapi menciptakannya.",
    "author": "Syibli Sticker WhatsApp"
  },
  {
    "quote": "Setiap kesulitan punya masa kedaluwarsa.",
    "author": "Syibli Sticker WhatsApp"
  },
  {
    "quote": "Senyummu hari ini bisa menjadi cahaya bagi orang lain.",
    "author": "Syibli Sticker WhatsApp"
  },
  {
    "quote": "Jangan berhenti hanya karena lelah, berhentilah saat selesai.",
    "author": "Syibli Sticker WhatsApp"
  },
  {
    "quote": "Setiap tetes air membentuk lautan, setiap usaha membentuk kesuksesan.",
    "author": "Syibli Sticker WhatsApp"
  },
  {
    "quote": "Kegagalan hari ini adalah bahan bakar kemenangan besok.",
    "author": "Syibli Sticker WhatsApp"
  },
  {
    "quote": "Jangan meremehkan langkah kecil, karena langkah kecil membawa ke tujuan besar.",
    "author": "Syibli Sticker WhatsApp"
  },
  {
    "quote": "Saat kamu berpikir untuk menyerah, ingat mengapa kamu memulai.",
    "author": "Syibli Sticker WhatsApp"
  },
  {
    "quote": "Kesuksesan sejati datang dari ketekunan dan kesabaran.",
    "author": "Syibli Sticker WhatsApp"
  },
  {
    "quote": "Hari ini adalah investasi untuk masa depanmu.",
    "author": "Syibli Sticker WhatsApp"
  },
  {
    "quote": "Kamu tidak harus sempurna untuk layak dicintai.",
    "author": "Syibli Sticker WhatsApp"
  },
  {
    "quote": "Semua impian besar berawal dari satu langkah kecil.",
    "author": "Syibli Sticker WhatsApp"
  },
  {
    "quote": "Berhenti membandingkan dirimu, mulai hargai dirimu.",
    "author": "Syibli Sticker WhatsApp"
  },
  {
    "quote": "Pelan tapi pasti, tetaplah melangkah.",
    "author": "Syibli Sticker WhatsApp"
  },
  {
    "quote": "Semakin besar tantangan, semakin besar kemenangan.",
    "author": "Syibli Sticker WhatsApp"
  },
  {
    "quote": "Hidupmu sepenuhnya dalam kendalimu.",
    "author": "Syibli Sticker WhatsApp"
  },
  {
    "quote": "Percayalah, setiap hari kamu makin dekat dengan mimpimu.",
    "author": "Syibli Sticker WhatsApp"
  },
  {
    "quote": "Semangat adalah bahan bakar dari semua kesuksesan.",
    "author": "Syibli Sticker WhatsApp"
  },
  {
    "quote": "Selalu mulai dengan hati yang penuh syukur.",
    "author": "Syibli Sticker WhatsApp"
  },
  {
    "quote": "Kamu pantas mendapatkan kebahagiaan yang kamu impikan.",
    "author": "Syibli Sticker WhatsApp"
  },
  {
    "quote": "Hadapi ketakutanmu, mereka tidak sekuat yang kamu kira.",
    "author": "Syibli Sticker WhatsApp"
  },
  {
    "quote": "Setiap usaha kecil layak dirayakan.",
    "author": "Syibli Sticker WhatsApp"
  },
  {
    "quote": "Jadilah orang yang kamu banggakan di masa depan.",
    "author": "Syibli Sticker WhatsApp"
  },
  {
    "quote": "Jika kamu tidak menyerah, kamu belum gagal.",
    "author": "Syibli Sticker WhatsApp"
  },
  {
    "quote": "Setiap hari adalah kesempatan untuk menulis cerita baru.",
    "author": "Syibli Sticker WhatsApp"
  },
  {
    "quote": "Jangan takut untuk memulai lagi, kali ini kamu lebih kuat.",
    "author": "Syibli Sticker WhatsApp"
  },
  {
    "quote": "Semakin keras kamu berjuang, semakin besar pencapaianmu.",
    "author": "Syibli Sticker WhatsApp"
  },
  {
    "quote": "Bahagia itu berasal dari dalam diri, bukan dari luar.",
    "author": "Syibli Sticker WhatsApp"
  },
  {
    "quote": "Jangan hanya bermimpi, wujudkan!",
    "author": "Syibli Sticker WhatsApp"
  },
  {
    "quote": "Kamu bisa melakukan hal-hal yang luar biasa.",
    "author": "Syibli Sticker WhatsApp"
  },
  {
    "quote": "Setiap hari baru adalah awal yang baru.",
    "author": "Syibli Sticker WhatsApp"
  },
  {
    "quote": "Percayalah, prosesmu membawamu ke tempat terbaik.",
    "author": "Syibli Sticker WhatsApp"
  },
  {
    "quote": "Jangan takut pada kegagalan, takutlah jika tidak pernah mencoba.",
    "author": "Syibli Sticker WhatsApp"
  },
  {
    "quote": "Semangatmu lebih kuat daripada semua rintanganmu.",
    "author": "Syibli Sticker WhatsApp"
  },
  {
    "quote": "Rasa sakit hari ini akan menjadi kekuatanmu esok.",
    "author": "Syibli Sticker WhatsApp"
  },
  {
    "quote": "Kamu berhak untuk terus bermimpi besar.",
    "author": "Syibli Sticker WhatsApp"
  },
  {
    "quote": "Setiap langkah menuju impianmu itu berharga.",
    "author": "Syibli Sticker WhatsApp"
  },
  {
    "quote": "Jangan remehkan kekuatan niat baik dan usaha kecil.",
    "author": "Syibli Sticker WhatsApp"
  },
  {
    "quote": "Kerja keras tidak pernah menghianati hasil.",
    "author": "Syibli Sticker WhatsApp"
  },
  {
    "quote": "Kamu adalah bukti hidup bahwa keajaiban itu nyata.",
    "author": "Syibli Sticker WhatsApp"
  },
  {
    "quote": "Setiap hari adalah kesempatan untuk menjadi lebih baik.",
    "author": "Syibli Sticker WhatsApp"
  },
  {
    "quote": "Kesuksesan tidak datang dari apa yang kita lakukan sesekali, tapi apa yang kita lakukan secara konsisten.",
    "author": "Syibli Sticker WhatsApp"
  },
  {
    "quote": "Tantangan adalah peluang untuk bertumbuh.",
    "author": "Syibli Sticker WhatsApp"
  },
  {
    "quote": "Jangan takut gagal, takutlah jika kamu tidak pernah mencoba.",
    "author": "Syibli Sticker WhatsApp"
  },
  {
    "quote": "Jangan biarkan ketakutanmu menghalangi keberhasilanmu.",
    "author": "Syibli Sticker WhatsApp"
  },
  {
    "quote": "Hidup itu seperti sepeda, kamu harus terus mengayuh untuk menjaga keseimbangan.",
    "author": "Syibli Sticker WhatsApp"
  },
  {
    "quote": "Keberanian bukan tidak merasa takut, tetapi melangkah meskipun ada rasa takut.",
    "author": "Syibli Sticker WhatsApp"
  },
  {
    "quote": "Keberhasilan adalah hasil dari usaha yang tidak tampak oleh banyak orang.",
    "author": "Syibli Sticker WhatsApp"
  },
  {
    "quote": "Jangan menyerah, karena kadang kemenangan datang setelah perjuangan yang paling sulit.",
    "author": "Syibli Sticker WhatsApp"
  },
  {
    "quote": "Setiap kegagalan adalah batu loncatan menuju kesuksesan.",
    "author": "Syibli Sticker WhatsApp"
  },
  {
    "quote": "Yang paling penting adalah terus maju, bukan seberapa cepat kita melangkah.",
    "author": "Syibli Sticker WhatsApp"
  },
  {
    "quote": "Setiap keputusan kecil yang kamu buat, menentukan masa depanmu.",
    "author": "Syibli Sticker WhatsApp"
  },
  {
    "quote": "Hidupmu adalah hasil dari pilihan yang kamu buat setiap hari.",
    "author": "Syibli Sticker WhatsApp"
  },
  {
    "quote": "Jangan menunggu kesempatan, ciptakan kesempatanmu sendiri.",
    "author": "Syibli Sticker WhatsApp"
  },
  {
    "quote": "Kamu lebih kuat daripada yang kamu kira.",
    "author": "Syibli Sticker WhatsApp"
  },
  {
    "quote": "Tidak ada yang sia-sia dalam usaha yang kamu lakukan.",
    "author": "Syibli Sticker WhatsApp"
  },
  {
    "quote": "Jadilah yang terbaik, dan jangan khawatir dengan orang lain.",
    "author": "Syibli Sticker WhatsApp"
  },
  {
    "quote": "Kerja keras hari ini akan membuahkan hasil yang luar biasa esok.",
    "author": "Syibli Sticker WhatsApp"
  },
  {
    "quote": "Setiap perjalanan dimulai dengan satu langkah, dan kamu sudah melangkah.",
    "author": "Syibli Sticker WhatsApp"
  },
  {
    "quote": "Kehidupan adalah proses, nikmati setiap langkahnya.",
    "author": "Syibli Sticker WhatsApp"
  },
  {
    "quote": "Tidak ada yang lebih memuaskan selain kerja keras yang membuahkan hasil.",
    "author": "Syibli Sticker WhatsApp"
  },
  {
    "quote": "Setiap mimpi dimulai dengan seseorang yang berani untuk bermimpi.",
    "author": "Syibli Sticker WhatsApp"
  },
  {
    "quote": "Jangan pernah ragu dengan potensi dirimu.",
    "author": "Syibli Sticker WhatsApp"
  },
  {
    "quote": "Keberhasilan bukan milik mereka yang paling pintar, tetapi milik mereka yang paling tekun.",
    "author": "Syibli Sticker WhatsApp"
  },
  {
    "quote": "Kamu mampu lebih dari yang kamu pikirkan.",
    "author": "Syibli Sticker WhatsApp"
  },
  {
    "quote": "Jangan biarkan kegagalan mendefinisikan siapa dirimu.",
    "author": "Syibli Sticker WhatsApp"
  },
  {
    "quote": "Selalu percaya pada diri sendiri, karena kamu lebih hebat dari yang kamu tahu.",
    "author": "Syibli Sticker WhatsApp"
  },
  {
    "quote": "Hidup ini bukan tentang menunggu badai berlalu, tapi tentang belajar menari di tengah hujan.",
    "author": "Syibli Sticker WhatsApp"
  },
  {
    "quote": "Semakin besar tantangan, semakin besar pula rasa puas saat menghadapinya.",
    "author": "Syibli Sticker WhatsApp"
  },
  {
    "quote": "Setiap kegagalan membawa kita satu langkah lebih dekat ke sukses.",
    "author": "Syibli Sticker WhatsApp"
  },
  {
    "quote": "Jika kamu ingin sesuatu yang belum pernah kamu miliki, kamu harus melakukan sesuatu yang belum pernah kamu lakukan.",
    "author": "Syibli Sticker WhatsApp"
  },
  {
    "quote": "Hidup itu tentang memilih untuk bertahan meski sulit.",
    "author": "Syibli Sticker WhatsApp"
  },
  {
    "quote": "Jadilah orang yang terus berjuang meski hasil belum tampak.",
    "author": "Syibli Sticker WhatsApp"
  },
  {
    "quote": "Tidak ada batasan dalam hidup kecuali batasan yang kamu buat sendiri.",
    "author": "Syibli Sticker WhatsApp"
  },
  {
    "quote": "Setiap hari adalah peluang baru untuk mencapai sesuatu yang luar biasa.",
    "author": "Syibli Sticker WhatsApp"
  },
  {
    "quote": "Jangan pernah merasa terlalu tua untuk mengejar impianmu.",
    "author": "Syibli Sticker WhatsApp"
  },
  {
    "quote": "Keberhasilan membutuhkan waktu, tetapi setiap langkah membuatnya semakin dekat.",
    "author": "Syibli Sticker WhatsApp"
  },
  {
    "quote": "Tantangan bukanlah hambatan, tetapi kesempatan untuk berkembang.",
    "author": "Syibli Sticker WhatsApp"
  },
  {
    "quote": "Jika kamu bisa memimpikannya, kamu bisa mewujudkannya.",
    "author": "Syibli Sticker WhatsApp"
  },
  {
    "quote": "Kamu bukan produk dari situasi atau kondisi, tetapi produk dari keputusanmu.",
    "author": "Syibli Sticker WhatsApp"
  },
  {
    "quote": "Jangan terhenti oleh hal-hal yang tidak dapat kamu kontrol.",
    "author": "Syibli Sticker WhatsApp"
  },
  {
    "quote": "Setiap langkah kecil membawamu lebih dekat ke tujuanmu.",
    "author": "Syibli Sticker WhatsApp"
  },
  {
    "quote": "Sukses bukan hanya tentang apa yang kamu capai, tetapi juga tentang siapa kamu selama proses itu.",
    "author": "Syibli Sticker WhatsApp"
  },
  {
    "quote": "Jangan terlalu banyak menunda, lakukan sekarang.",
    "author": "Syibli Sticker WhatsApp"
  },
  {
    "quote": "Jangan pernah merasa sendirian dalam perjuanganmu, karena ada banyak orang yang peduli.",
    "author": "Syibli Sticker WhatsApp"
  },
  {
    "quote": "Semua yang kamu inginkan ada di luar zona nyamanmu.",
    "author": "Syibli Sticker WhatsApp"
  },
  {
    "quote": "Jika kamu tidak berubah, maka tidak akan ada perubahan.",
    "author": "Syibli Sticker WhatsApp"
  },
  {
    "quote": "Kunci kesuksesan adalah fokus pada tujuan, bukan pada hambatan.",
    "author": "Syibli Sticker WhatsApp"
  },
  {
    "quote": "Tidak ada yang mudah dalam hidup, tapi hasilnya selalu sebanding dengan usaha.",
    "author": "Syibli Sticker WhatsApp"
  },
  {
    "quote": "Perjalanan menuju kesuksesan itu panjang, tetapi setiap langkah berharga.",
    "author": "Syibli Sticker WhatsApp"
  },
  {
    "quote": "Kebahagiaan dimulai dari dalam diri, bukan dari orang lain.",
    "author": "Syibli Sticker WhatsApp"
  },
  {
    "quote": "Tindakan lebih berarti daripada kata-kata.",
    "author": "Syibli Sticker WhatsApp"
  },
  {
    "quote": "Jika kamu ingin mengubah dunia, mulai dengan mengubah dirimu sendiri.",
    "author": "Syibli Sticker WhatsApp"
  },
  {
    "quote": "Hidup ini tidak selalu tentang mendapatkan yang terbaik, tapi membuat yang terbaik dari yang kita punya.",
    "author": "Syibli Sticker WhatsApp"
  },
  {
    "quote": "Jangan terlalu keras pada dirimu sendiri, kamu sedang berproses.",
    "author": "Syibli Sticker WhatsApp"
  },
  {
    "quote": "Kesuksesan bukan untuk mereka yang paling pintar, tetapi untuk mereka yang paling gigih.",
    "author": "Syibli Sticker WhatsApp"
  },
  {
    "quote": "Jadilah orang yang membuat perbedaan, bukan hanya orang yang ada.",
    "author": "Syibli Sticker WhatsApp"
  },
  {
    "quote": "Setiap hari adalah kesempatan baru untuk menjadi lebih baik.",
    "author": "Syibli Sticker WhatsApp"
  },
  {
    "quote": "Kamu hanya perlu satu alasan untuk melangkah maju, dan itu adalah impianmu.",
    "author": "Syibli Sticker WhatsApp"
  },
  {
    "quote": "Jangan berhenti hanya karena banyak tantangan, justru tantangan itu yang membuatmu kuat.",
    "author": "Syibli Sticker WhatsApp"
  },
  {
    "quote": "Kerja keras tidak akan mengkhianati hasil.",
    "author": "Syibli Sticker WhatsApp"
  },
  {
    "quote": "Hidup adalah perjalanan, bukan tujuan.",
    "author": "Syibli Sticker WhatsApp"
  },
  {
    "quote": "Jadilah orang yang tidak hanya berani bermimpi, tetapi juga berani berusaha mewujudkannya.",
    "author": "Syibli Sticker WhatsApp"
  },
  {
    "quote": "Tidak ada yang tidak mungkin jika kamu percaya dan berusaha.",
    "author": "Syibli Sticker WhatsApp"
  },
  {
    "quote": "Jangan terlalu fokus pada hal yang tidak kamu miliki, tapi syukuri apa yang sudah kamu dapatkan.",
    "author": "Syibli Sticker WhatsApp"
  },
  {
    "quote": "Sukses bukan tentang bagaimana cepat kamu sampai, tetapi bagaimana kamu bertahan hingga akhir.",
    "author": "Syibli Sticker WhatsApp"
  },
  {
    "quote": "Hidup tidak selalu berjalan sesuai rencana, tetapi kita selalu dapat memilih bagaimana kita meresponnya.",
    "author": "Syibli Sticker WhatsApp"
  },
  {
    "quote": "Kunci untuk sukses adalah ketekunan, bukan hanya bakat.",
    "author": "Syibli Sticker WhatsApp"
  },
  {
    "quote": "Percayalah, usaha tidak pernah menghianati hasil.",
    "author": "Syibli Sticker WhatsApp"
  },
  {
    "quote": "Selalu ada sesuatu yang baik di balik setiap kesulitan.",
    "author": "Syibli Sticker WhatsApp"
  },
  {
    "quote": "Jadilah versi terbaik dari dirimu sendiri, bukan versi orang lain.",
    "author": "Syibli Sticker WhatsApp"
  },
  {
    "quote": "Kesuksesan adalah perjalanan, bukan tujuan.",
    "author": "Syibli Sticker WhatsApp"
  },
  {
    "quote": "Bangun impianmu, atau orang lain akan mempekerjakanmu untuk membangun impian mereka.",
    "author": "Syibli Sticker WhatsApp"
  },
  {
    "quote": "Keberanian adalah kunci untuk menghadapi ketakutan terbesar kita.",
    "author": "Syibli Sticker WhatsApp"
  },
  {
    "quote": "Setiap kegagalan adalah batu loncatan menuju kesuksesan.",
    "author": "Syibli Sticker WhatsApp"
  },
  {
    "quote": "Jangan biarkan orang lain menentukan kemampuanmu.",
    "author": "Syibli Sticker WhatsApp"
  },
  {
    "quote": "Semua mimpi besar berawal dari langkah kecil.",
    "author": "Syibli Sticker WhatsApp"
  },
  {
    "quote": "Hidup ini terlalu singkat untuk tidak mengejar apa yang kamu cintai.",
    "author": "Syibli Sticker WhatsApp"
  },
  {
    "quote": "Jika kamu tidak menyerah, kamu sudah berhasil setengah jalan.",
    "author": "Syibli Sticker WhatsApp"
  },
  {
    "quote": "Setiap hari adalah kesempatan baru untuk menjadi lebih baik daripada hari sebelumnya.",
    "author": "Syibli Sticker WhatsApp"
  },
  {
    "quote": "Jangan tunggu sampai esok untuk melakukan apa yang bisa kamu lakukan hari ini.",
    "author": "Syibli Sticker WhatsApp"
  },
  {
    "quote": "Hidupmu adalah apa yang kamu buat, jadi buatlah itu luar biasa.",
    "author": "Syibli Sticker WhatsApp"
  },
  {
    "quote": "Jangan biarkan kegagalanmu menghalangi impianmu.",
    "author": "Syibli Sticker WhatsApp"
  }


]